<?xml version="1.0" encoding="utf-8" standalone="yes" ?>
<rss version="2.0" xmlns:atom="http://www.w3.org/2005/Atom">
  <channel>
    <title>Recent &amp; Upcoming Talks on @MartinSatt2</title>
    <link>/talk/</link>
    <description>Recent content in Recent &amp; Upcoming Talks on @MartinSatt2</description>
    <generator>Hugo -- gohugo.io</generator>
    <language>en-us</language>
    <copyright>Martin Sattelmayer &amp;copy; 2018</copyright>
    <lastBuildDate>Sun, 01 Jan 2017 00:00:00 +0000</lastBuildDate>
    
	<atom:link href="/talk/index.xml" rel="self" type="application/rss+xml" />
    
    
    <item>
      <title>Example Talk</title>
      <link>/talk/example-talk/</link>
      <pubDate>Sun, 01 Jan 2017 00:00:00 +0100</pubDate>
      
      <guid>/talk/example-talk/</guid>
      <description>Embed your slides or video here using shortcodes. Further details can easily be added using Markdown and $\rm \LaTeX$ math code.</description>
    </item>
    
  </channel>
</rss>