<?xml version="1.0" encoding="utf-8" standalone="yes" ?>
<rss version="2.0" xmlns:atom="http://www.w3.org/2005/Atom">
  <channel>
    <title>Publications on @MartinSatt2</title>
    <link>/publication/</link>
    <description>Recent content in Publications on @MartinSatt2</description>
    <generator>Hugo -- gohugo.io</generator>
    <language>en-us</language>
    <copyright>Martin Sattelmayer &amp;copy; 2018</copyright>
    <lastBuildDate>Sun, 01 Jan 2017 00:00:00 +0000</lastBuildDate>
    
	<atom:link href="/publication/index.xml" rel="self" type="application/rss+xml" />
    
    
    <item>
      <title>A systematic review of assessments for procedural skills in physiotherapy education</title>
      <link>/publication/sr-assessments-ps/</link>
      <pubDate>Sun, 01 Jan 2017 00:00:00 +0000</pubDate>
      
      <guid>/publication/sr-assessments-ps/</guid>
      <description></description>
    </item>
    
    <item>
      <title>Effectiveness of conservative interventions including exercise, manual therapy and medical management in adults with shoulder impingement: a systematic review and meta-analysis of RCTs</title>
      <link>/publication/sr-shoulder2017/</link>
      <pubDate>Sun, 01 Jan 2017 00:00:00 +0000</pubDate>
      
      <guid>/publication/sr-shoulder2017/</guid>
      <description></description>
    </item>
    
    <item>
      <title>A systematic review and meta-analysis of selected motor learning principles in physiotherapy and medical education</title>
      <link>/publication/sr-motor-learning-hpe2016/</link>
      <pubDate>Fri, 01 Jan 2016 00:00:00 +0000</pubDate>
      
      <guid>/publication/sr-motor-learning-hpe2016/</guid>
      <description></description>
    </item>
    
    <item>
      <title>Développement d’une échelle d’évaluation des compétences procédurales dans la formation en physiothérapie: une étude de validation de la théorie de la réponse par item</title>
      <link>/publication/rasch_apspt29/</link>
      <pubDate>Fri, 01 Jan 2016 00:00:00 +0000</pubDate>
      
      <guid>/publication/rasch_apspt29/</guid>
      <description></description>
    </item>
    
    <item>
      <title>Use of Rasch analysis to investigate structural validity of a set of movement control tests for the neck</title>
      <link>/publication/rasch2016/</link>
      <pubDate>Fri, 01 Jan 2016 00:00:00 +0000</pubDate>
      
      <guid>/publication/rasch2016/</guid>
      <description></description>
    </item>
    
    <item>
      <title>A Person Re-Identification System For Mobile Devices</title>
      <link>/publication/person-re-identification/</link>
      <pubDate>Tue, 01 Sep 2015 00:00:00 +0000</pubDate>
      
      <guid>/publication/person-re-identification/</guid>
      <description>More detail can easily be written here using Markdown and $\rm \LaTeX$ math code.</description>
    </item>
    
  </channel>
</rss>