<?xml version="1.0" encoding="utf-8" standalone="yes" ?>
<rss version="2.0" xmlns:atom="http://www.w3.org/2005/Atom">
  <channel>
    <title>Homes on @MartinSatt2</title>
    <link>/home/</link>
    <description>Recent content in Homes on @MartinSatt2</description>
    <generator>Hugo -- gohugo.io</generator>
    <language>en-us</language>
    <copyright>Martin Sattelmayer &amp;copy; 2018</copyright>
    <lastBuildDate>Sun, 15 Oct 2017 00:00:00 +0200</lastBuildDate>
    
	<atom:link href="/home/index.xml" rel="self" type="application/rss+xml" />
    
    
    <item>
      <title>About motor learning, procedures and more</title>
      <link>/home/hero/</link>
      <pubDate>Sun, 15 Oct 2017 00:00:00 +0200</pubDate>
      
      <guid>/home/hero/</guid>
      <description>🦄</description>
    </item>
    
    <item>
      <title></title>
      <link>/home/about/</link>
      <pubDate>Fri, 20 Apr 2018 00:00:00 +0000</pubDate>
      
      <guid>/home/about/</guid>
      <description>Biography I am a researcher and lecturer at the University of Applied Sciences Valais-Wallis (HES-SO Valais-Wallis). I am involved in teaching undergraduate physiotherapy students. My research interests inlcude the application of motor learning principles to the field of health professions education, the evaluation of complex health professions interventions and design and evaluation of assessments for procedural skills in educational and clinical settings. I have work experience as physiotherapist in various clinical settings with the main focus on neurological rehabilitation.</description>
    </item>
    
    <item>
      <title>Selected Publications</title>
      <link>/home/publications_selected/</link>
      <pubDate>Wed, 20 Apr 2016 00:00:00 +0200</pubDate>
      
      <guid>/home/publications_selected/</guid>
      <description></description>
    </item>
    
    <item>
      <title>Recent Publications</title>
      <link>/home/publications/</link>
      <pubDate>Wed, 20 Apr 2016 00:00:00 +0200</pubDate>
      
      <guid>/home/publications/</guid>
      <description></description>
    </item>
    
    <item>
      <title>Recent Posts</title>
      <link>/home/posts/</link>
      <pubDate>Wed, 20 Apr 2016 00:00:00 +0000</pubDate>
      
      <guid>/home/posts/</guid>
      <description></description>
    </item>
    
    <item>
      <title>Projects</title>
      <link>/home/projects/</link>
      <pubDate>Wed, 20 Apr 2016 00:00:00 +0000</pubDate>
      
      <guid>/home/projects/</guid>
      <description></description>
    </item>
    
    <item>
      <title>Teaching</title>
      <link>/home/teaching/</link>
      <pubDate>Wed, 20 Apr 2016 00:00:00 +0000</pubDate>
      
      <guid>/home/teaching/</guid>
      <description>I am a teaching instructor for the following courses at the HES-SO Valais-Wallis:
 PHY_1006: An introduction to neurological rehabilitation PHY_1008: Active seniors PHY_2002: Neurological rehabilitation PHY_2005: Evidence based practice PHY_3001: Complex cases in neurological rehabilitation PHY_3008: Tutoring bachelor theses  </description>
    </item>
    
    <item>
      <title>Contact</title>
      <link>/home/contact/</link>
      <pubDate>Wed, 20 Apr 2016 00:00:00 +0000</pubDate>
      
      <guid>/home/contact/</guid>
      <description></description>
    </item>
    
  </channel>
</rss>